,hiphop,reggae
hiphop,45.002399999999994,115.35389999999998
reggae,45.002400000000016,115.3539
