,hiphop,reggae
hiphop,15.47440000000001,18.21789999999999
reggae,15.474399999999997,18.21789999999999
