,hiphop,reggae
hiphop,42.390000000000036,17.521900000000002
reggae,42.39,17.521900000000006
