,hiphop,reggae,rock
hiphop,12.65,11.81,22.96
reggae,5.359999999999999,16.36,31.610000000000003
rock,4.410000000000001,17.85,18.05
