,hiphop,reggae,rock
hiphop,12.65,11.639999999999999,24.04
reggae,5.359999999999999,17.16,34.010000000000005
rock,4.410000000000001,17.240000000000002,20.21
